{
    "gemini-1.0-pro-vision-001": {
        "ProntoQA": {
            "Direct": {
                "Average_EM_score": 0.596
            },
            "CoT": {
                "Average_EM_score": 0.8446866485013624
            }
        },
        "ProofWriter": {
            "Direct": {
                "Average_EM_score": 0.34833333333333333
            },
            "CoT": {
                "Average_EM_score": 0.5667244367417678
            }
        },
        "FOLIO": {
            "Direct": {
                "Average_EM_score": 0.5980392156862745
            },
            "CoT": {
                "Average_EM_score": 0.6377551020408163
            }
        },
        "LogicalDeduction": {
            "Direct": {
                "Average_EM_score": 0.45666666666666667
            }
        },
        "AR-LSAT": {
            "Direct": {
                "Average_EM_score": 0.20346320346320346
            }
        }
    },
    "gemini-1.5-pro-preview-0409": {
        "ProntoQA": {
            "Direct": {
                "Average_EM_score": 0.474
            },
            "CoT": {
                "Average_EM_score": 0.9851380042462845
            }
        },
        "ProofWriter": {
            "Direct": {
                "Average_EM_score": 0.15166666666666667
            },
            "CoT": {
                "Average_EM_score": 0.7411167512690355
            }
        },
        "FOLIO": {
            "Direct": {
                "Average_EM_score": 0.39705882352941174
            },
            "CoT": {
                "Average_EM_score": 0.7761194029850746
            }
        },
        "LogicalDeduction": {
            "Direct": {
                "Average_EM_score": 0.5333333333333333
            },
            "CoT": {
                "Average_EM_score": 0.69
            }
        },
        "AR-LSAT": {
            "Direct": {
                "Average_EM_score": 0.23809523809523808
            },
            "CoT": {
                "Average_EM_score": 0.22943722943722944
            }
        }
    },
    "gemini-1.5-pro-preview-0514": {
        "ProntoQA": {
            "Direct": {
                "Average_EM_score": 0.7995991983967936
            },
            "CoT": {
                "Average_EM_score": 0.9933628318584071
            }
        },
        "ProofWriter": {
            "Direct": {
                "Average_EM_score": 0.5666666666666667
            },
            "CoT": {
                "Average_EM_score": 0.5983193277310924
            }
        },
        "FOLIO": {
            "Direct": {
                "Average_EM_score": 0.4019607843137255
            },
            "CoT": {
                "Average_EM_score": 0.48514851485148514
            }
        },
        "LogicalDeduction": {
            "Direct": {
                "Average_EM_score": 0.59
            },
            "CoT": {
                "Average_EM_score": 0.6020066889632107
            }
        },
        "AR-LSAT": {
            "Direct": {
                "Average_EM_score": 0.2813852813852814
            },
            "CoT": {
                "Average_EM_score": 0.19913419913419914
            }
        }
    },
    "gemini-1.5-flash-preview-0514": {
        "ProntoQA": {
            "Direct": {
                "Average_EM_score": 0.638
            },
            "CoT": {
                "Average_EM_score": 0.925531914893617
            }
        },
        "ProofWriter": {
            "Direct": {
                "Average_EM_score": 0.5383333333333333
            },
            "CoT": {
                "Average_EM_score": 0.6683501683501684
            }
        },
        "FOLIO": {
            "Direct": {
                "Average_EM_score": 0.6666666666666666
            },
            "CoT": {
                "Average_EM_score": 0.6733668341708543
            }
        },
        "LogicalDeduction": {
            "Direct": {
                "Average_EM_score": 0.5466666666666666
            },
            "CoT": {
                "Average_EM_score": 0.5533333333333333
            }
        },
        "AR-LSAT": {
            "Direct": {
                "Average_EM_score": 0.2794759825327511
            },
            "CoT": {
                "Average_EM_score": 0.20346320346320346
            }
        }
    }
}